frame,logged_time_ms,frame_time_ms,logged_left,recomputed_left,logged_right,recomputed_right,logged_avg,recomputed_avg,time_error_ms,ear_abs_error
8508,193364.8324684697,193364.8324684697,,0.2955560826672559,,0.33954556479986736,,0.31755082373356164,0.0,
8509,193387.5598817829,193387.5598817829,,0.2867645799444089,,0.33480749177731206,,0.3107860358608605,0.0,
8510,193410.2872950961,193410.28729509606,,0.2695277033383065,,0.329668843794207,,0.2995982735662568,2.9103830456733704e-11,
8511,193433.01470840923,193433.01470840926,,0.280730573337416,,0.35350331051735473,,0.3171169419273854,-2.9103830456733704e-11,
8512,193455.7421217224,193455.7421217224,,0.2708261802361354,,0.3552005945552429,,0.3130133873956892,0.0,
8513,193478.4695350356,193478.46953503558,,0.2793298224593531,,0.31415446729303104,,0.2967421448761921,2.9103830456733704e-11,
8514,193501.19694834875,193501.19694834878,,0.2649712144685606,,0.34106535483004446,,0.3030182846493025,-2.9103830456733704e-11,
8515,193523.92436166192,193523.92436166192,,0.27198840822116044,,0.33105134185358975,,0.3015198750373751,0.0,
8516,193546.6517749751,193546.6517749751,,0.27557612538028037,,0.33828865184879986,,0.3069323886145401,0.0,
8517,193569.3791882883,193569.3791882883,,0.2796513497689711,,0.3421096619796792,,0.31088050587432514,0.0,
8518,193592.10660160144,193592.10660160144,,0.2967808647120114,,0.3131975389249659,,0.30498920181848865,0.0,
8519,193614.8340149146,193614.8340149146,,0.2733481476523269,,0.30753314257543946,,0.2904406451138832,0.0,
8520,193637.56142822775,193637.5614282278,,0.2750031425068446,,0.3476346218846964,,0.31131888219577053,-5.820766091346741e-11,
8521,193660.28884154095,193660.28884154095,,0.29096065056627635,,0.31664860772661646,,0.3038046291464464,0.0,
8522,193683.01625485413,193683.01625485413,,0.27251831516491043,,0.32113960448123763,,0.296828959823074,0.0,
8523,193705.7436681673,193705.74366816733,,0.2704059406081332,,0.31277319086997724,,0.29158956573905526,-2.9103830456733704e-11,
8524,193728.47108148047,193728.47108148047,,0.27587822600599204,,0.3101223783722203,,0.29300030218910617,0.0,
8525,193751.19849479364,193751.19849479364,,0.2779187363716836,,0.32800809425397726,,0.30296341531283044,0.0,
8526,193773.9259081068,193773.92590810684,,0.2764719134522654,,0.31275211577027173,,0.29461201461126857,-5.820766091346741e-11,
8527,193796.65332142,193796.65332142,,0.30264697045400163,,0.30782555169947223,,0.30523626107673696,0.0,
8528,193819.38073473316,193819.38073473316,,0.26773033684894865,,0.31799522857305496,,0.2928627827110018,0.0,
8529,193842.10814804633,193842.10814804636,,0.27805105393357693,,0.3104850751372322,,0.29426806453540455,-2.9103830456733704e-11,
8530,193864.8355613595,193864.8355613595,,0.2975373817813702,,0.309934204345296,,0.3037357930633331,0.0,
8531,193887.56297467268,193887.56297467268,,0.2750004721802663,,0.3233840921292084,,0.29919228215473737,0.0,
8532,193910.29038798585,193910.29038798588,,0.2818015555817632,,0.3157260420551556,,0.2987637988184594,-2.9103830456733704e-11,
8533,193933.01780129905,193933.01780129902,,0.27667541295838627,,0.3276631742164105,,0.3021692935873984,2.9103830456733704e-11,
8534,193955.7452146122,193955.7452146122,,0.2759957427613115,,0.32110448255748597,,0.29855011265939874,0.0,
8535,193978.47262792537,193978.4726279254,,0.29149179568111877,,0.32018281672212934,,0.3058373062016241,-2.9103830456733704e-11,
8536,194001.20004123857,194001.20004123854,,0.2596504778505481,,0.3246393405026377,,0.2921449091765929,2.9103830456733704e-11,
8537,194023.9274545517,194023.9274545517,,0.09715305883145023,,0.2518831344119019,,0.17451809662167606,0.0,
8538,194046.65486786488,194046.6548678649,,0.06832002451093559,,0.17060229532443236,,0.11946115991768397,-2.9103830456733704e-11,
8539,194069.38228117808,194069.38228117806,,0.06914593603048137,,0.18911812455078866,,0.12913203029063502,2.9103830456733704e-11,
8540,194092.10969449123,194092.10969449123,,0.0957948727308172,,0.20203821488849608,,0.14891654380965663,0.0,
8541,194114.8371078044,194114.83710780443,,0.11775455716720054,,0.22720132719295438,,0.17247794218007745,-2.9103830456733704e-11,
8542,194137.56452111757,194137.56452111757,,0.11584015994854797,,0.2824968470173123,,0.19916850348293014,0.0,
8543,194160.29193443072,194160.29193443074,,0.19640212211383437,,0.2983020337689833,,0.24735207794140884,-2.9103830456733704e-11,
8544,194183.01934774392,194183.01934774395,,0.21725887241465594,,0.3185470349728818,,0.2679029536937689,-2.9103830456733704e-11,
8545,194205.7467610571,194205.7467610571,,0.25010886982848624,,0.3093122986967928,,0.2797105842626395,0.0,
8546,194228.47417437023,194228.47417437026,,0.2638254671610733,,0.3106013484505189,,0.2872134078057961,-2.9103830456733704e-11,
8547,194251.20158768343,194251.20158768346,,0.2781668896837148,,0.30091054785585175,,0.28953871876978327,-2.9103830456733704e-11,
8548,194273.9290009966,194273.9290009966,,0.27723068560217007,,0.3188833562879881,,0.2980570209450791,0.0,
8549,194296.65641430975,194296.65641430978,,0.2840642696041143,,0.30748208264495475,,0.2957731761245345,-2.9103830456733704e-11,
8550,194319.38382762295,194319.38382762298,,0.3026949966136158,,0.3008615821005051,,0.30177828935706047,-2.9103830456733704e-11,
8551,194342.11124093612,194342.11124093612,,0.28984430073201245,,0.33351281361837815,,0.3116785571751953,0.0,
8552,194364.8386542493,194364.8386542493,,0.2915055891990174,,0.31765197445864507,,0.30457878182883125,0.0,
8553,194387.56606756247,194387.5660675625,,0.2719152785027719,,0.2992732150076541,,0.285594246755213,-2.9103830456733704e-11,
8554,194410.29348087564,194410.29348087564,,0.2907633986224086,,0.3163476143469972,,0.30355550648470286,0.0,
8555,194433.0208941888,194433.0208941888,,0.2930145610880412,,0.3033032268680694,,0.2981588939780553,0.0,
8556,194455.748307502,194455.74830750198,,0.28894821634246387,,0.29726569380696055,,0.2931069550747122,2.9103830456733704e-11,
8557,194478.47572081516,194478.47572081516,,0.2833834844734131,,0.30863583527810895,,0.296009659875761,0.0,
8558,194501.20313412833,194501.20313412833,,0.26309960429881024,,0.3134650524850865,,0.28828232839194834,0.0,
8559,194523.9305474415,194523.9305474415,,0.27697855296349805,,0.3095892286607908,,0.29328389081214445,0.0,
8560,194546.65796075467,194546.65796075467,,0.2816982850674316,,0.30882150846287687,,0.29525989676515424,0.0,
8561,194569.38537406785,194569.38537406785,,0.2697682184700902,,0.3022622440475623,,0.2860152312588262,0.0,
8562,194592.11278738105,194592.11278738102,,0.26469137702323875,,0.30975881818970114,,0.28722509760646997,2.9103830456733704e-11,
8563,194614.8402006942,194614.8402006942,,0.24988499831958713,,0.34309890631715584,,0.2964919523183715,0.0,
8564,194637.56761400736,194637.56761400736,,0.25473235280651374,,0.30709840275967415,,0.28091537778309394,0.0,
8565,194660.29502732056,194660.29502732054,,0.2653732437316613,,0.3458550977218794,,0.30561417072677033,2.9103830456733704e-11,
8566,194683.0224406337,194683.0224406337,,0.25807256089608627,,0.30886049029664453,,0.2834665255963654,0.0,
8567,194705.74985394688,194705.74985394688,,0.25869686925686175,,0.34485645776743296,,0.3017766635121474,0.0,
8568,194728.47726726005,194728.47726726005,,0.2745007397948223,,0.3034164824271411,,0.2889586111109817,0.0,
8569,194751.2046805732,194751.20468057322,,0.2529717809040635,,0.3403289543145594,,0.29665036760931146,-2.9103830456733704e-11,
8570,194773.9320938864,194773.9320938864,,0.2892933943181392,,0.31586188867192067,,0.30257764149502997,0.0,
8571,194796.65950719957,194796.65950719957,,0.27961030248507984,,0.31321581330920806,,0.29641305789714395,0.0,
8572,194819.3869205127,194819.38692051274,,0.2634328292540746,,0.3441169459713546,,0.3037748876127146,-2.9103830456733704e-11,
8573,194842.1143338259,194842.1143338259,,0.2700825850323609,,0.32257423429588045,,0.29632840966412066,0.0,
8574,194864.8417471391,194864.8417471391,,0.27632468344038985,,0.3283081846145611,,0.3023164340274755,0.0,
8575,194887.56916045223,194887.5691604523,,0.2726777010624136,,0.31554912788223766,,0.29411341447232564,-5.820766091346741e-11,
8576,194910.29657376543,194910.29657376543,,0.2990019379910323,,0.30393636786156236,,0.30146915292629733,0.0,
8577,194933.0239870786,194933.0239870786,,0.2898869662817151,,0.3126708960676076,,0.30127893117466137,0.0,
8578,194955.75140039175,194955.7514003918,,0.2613746180696478,,0.2958686780178445,,0.2786216480437461,-5.820766091346741e-11,
8579,194978.47881370495,194978.47881370495,,0.27413528387083713,,0.30956815854070135,,0.29185172120576924,0.0,
8580,195001.20622701812,195001.20622701812,,0.28014999547079883,,0.3183723355103941,,0.29926116549059645,0.0,
8581,195023.9336403313,195023.93364033132,,0.26155031557745906,,0.308664537347634,,0.2851074264625465,-2.9103830456733704e-11,
8582,195046.6610536445,195046.66105364446,,0.2685405149395799,,0.31578174865226194,,0.29216113179592096,2.9103830456733704e-11,
8583,195069.38846695764,195069.38846695764,,0.2783058844846618,,0.31004022119391617,,0.29417305283928896,0.0,
8584,195092.1158802708,195092.11588027084,,0.28841458278745163,,0.3078382642435046,,0.29812642351547813,-2.9103830456733704e-11,
8585,195114.843293584,195114.84329358398,,0.27475085780973546,,0.32531342647964384,,0.30003214214468965,2.9103830456733704e-11,
8586,195137.57070689715,195137.57070689715,,0.2832923639969665,,0.314047629141001,,0.29866999656898374,0.0,
8587,195160.29812021033,195160.29812021035,,0.2736275753177332,,0.3118445577311634,,0.2927360665244483,-2.9103830456733704e-11,
8588,195183.0255335235,195183.0255335235,,0.28501667523233004,,0.31788420624789265,,0.30145044074011135,0.0,
8589,195205.75294683667,195205.75294683667,,0.2739533615498899,,0.3242538036084827,,0.29910358257918634,0.0,
8590,195228.48036014984,195228.48036014987,,0.26887004823798283,,0.32444454602602185,,0.29665729713200234,-2.9103830456733704e-11,
8591,195251.207773463,195251.20777346301,,0.2848345065620534,,0.32560423771831215,,0.3052193721401828,-2.9103830456733704e-11,
8592,195273.9351867762,195273.9351867762,,0.2589021870811409,,0.3142587927630613,,0.28658048992210106,0.0,
8593,195296.66260008936,195296.6626000894,,0.2574538408140798,,0.3164944935404928,,0.2869741671772863,-2.9103830456733704e-11,
8594,195319.39001340253,195319.39001340253,,0.26317511112606795,,0.3132411416215889,,0.2882081263738284,0.0,
8595,195342.1174267157,195342.1174267157,,0.290720510721196,,0.3184040375511734,,0.3045622741361847,0.0,
8596,195364.84484002888,195364.8448400289,,0.25715012692842437,,0.33053286290841877,,0.2938414949184216,-2.9103830456733704e-11,
8597,195387.57225334205,195387.57225334205,,0.2618901772422209,,0.31529884420862214,,0.2885945107254215,0.0,
8598,195410.2996666552,195410.29966665522,,0.27049430218573184,,0.31010978320604643,,0.2903020426958891,-2.9103830456733704e-11,
8599,195433.0270799684,195433.02707996842,,0.25468849919959663,,0.336739561860924,,0.29571403053026035,-2.9103830456733704e-11,
8600,195455.75449328157,195455.75449328157,,0.2916996696036088,,0.3312116898426416,,0.3114556797231252,0.0,
8601,195478.4819065947,195478.48190659474,,0.2676854854159526,,0.3203003485595918,,0.2939929169877722,-2.9103830456733704e-11,
8602,195501.2093199079,195501.20931990794,,0.2702670502096091,,0.3108991916669009,,0.290583120938255,-2.9103830456733704e-11,
8603,195523.93673322108,195523.93673322108,,0.25890321145952017,,0.3170018588477239,,0.28795253515362207,0.0,
8604,195546.66414653425,195546.66414653425,,0.27899798712784535,,0.30131575480512557,,0.29015687096648546,0.0,
8605,195569.39155984743,195569.39155984746,,0.28105649917032494,,0.3354592220389769,,0.3082578606046509,-2.9103830456733704e-11,
8606,195592.1189731606,195592.1189731606,,0.28921837777665504,,0.317585687887081,,0.30340203283186806,0.0,
8607,195614.84638647377,195614.84638647377,,0.2812417196439035,,0.32913939960028543,,0.30519055962209446,0.0,
8608,195637.57379978697,195637.57379978697,,0.27105660459697484,,0.3320627698715529,,0.30155968723426385,0.0,
8609,195660.30121310012,195660.30121310012,,0.28561522079928864,,0.3091064396483036,,0.2973608302237961,0.0,
8610,195683.0286264133,195683.0286264133,,0.27188510248373127,,0.33453200517488857,,0.3032085538293099,0.0,
8611,195705.7560397265,195705.75603972646,,0.25531159915945056,,0.3286119685571073,,0.2919617838582789,2.9103830456733704e-11,
8612,195728.48345303963,195728.48345303963,,0.2804490760469285,,0.298937596726705,,0.2896933363868167,0.0,
8613,195751.2108663528,195751.2108663528,,0.2643979266436904,,0.3261736142997129,,0.2952857704717017,0.0,
8614,195773.938279666,195773.93827966598,,0.2806843258606199,,0.30724422294241677,,0.29396427440151834,2.9103830456733704e-11,
8615,195796.66569297915,195796.66569297915,,0.27675049196337814,,0.32891213611614195,,0.30283131403976005,0.0,
8616,195819.39310629232,195819.39310629232,,0.2726977676289664,,0.3149455913783664,,0.29382167950366644,0.0,
8617,195842.1205196055,195842.1205196055,,0.27504868791195247,,0.31527747609500556,,0.295163082003479,0.0,
8618,195864.84793291867,195864.84793291867,,0.25842660428938774,,0.33300704720084134,,0.29571682574511454,0.0,
8619,195887.57534623184,195887.57534623184,,0.2487181340792734,,0.3397050364519384,,0.29421158526560587,0.0,
8620,195910.302759545,195910.302759545,,0.2603404696563508,,0.310180586770267,,0.28526052821330894,0.0,
8621,195933.03017285815,195933.03017285818,,0.25713803110801203,,0.31610277678655707,,0.28662040394728455,-2.9103830456733704e-11,
8622,195955.75758617136,195955.75758617136,,0.25753387059253235,,0.32729680871516453,,0.29241533965384847,0.0,
8623,195978.48499948453,195978.48499948453,,0.27835647617698084,,0.3033208946839111,,0.290838685430446,0.0,
8624,196001.2124127977,196001.2124127977,,0.2685665309451392,,0.3284903048522433,,0.2985284178986912,0.0,
8625,196023.93982611087,196023.93982611087,,0.26634180801014234,,0.3338793369741652,,0.3001105724921538,0.0,
8626,196046.66723942404,196046.66723942404,,0.28635611363444224,,0.3209579172606637,,0.30365701544755297,0.0,
8627,196069.3946527372,196069.39465273722,,0.2732860150937516,,0.33308362317465867,,0.30318481913420514,-2.9103830456733704e-11,
8628,196092.1220660504,196092.1220660504,,0.26422401970408105,,0.3268143264821767,,0.29551917309312886,0.0,
8629,196114.84947936356,196114.84947936356,,0.2802402250925321,,0.3130211245068689,,0.2966306747997005,0.0,
8630,196137.57689267673,196137.57689267673,,0.2625084126568332,,0.29692769712942024,,0.27971805489312673,0.0,
8631,196160.3043059899,196160.3043059899,,0.29436949590397177,,0.30446052566624804,,0.2994150107851099,0.0,
8632,196183.03171930308,196183.03171930308,,0.28606871388494803,,0.3272835984698736,,0.30667615617741084,0.0,
8633,196205.75913261625,196205.75913261625,,0.2661769978177145,,0.31740566640811,,0.29179133211291225,0.0,
8634,196228.48654592945,196228.48654592942,,0.2667142797872398,,0.31090216876069476,,0.2888082242739673,2.9103830456733704e-11,
8635,196251.2139592426,196251.2139592426,,0.28260654723253026,,0.3262322215221279,,0.30441938437732907,0.0,
8636,196273.94137255577,196273.9413725558,,0.262494068787819,,0.32435113585310876,,0.2934226023204639,-2.9103830456733704e-11,
8637,196296.66878586897,196296.66878586894,,0.26805553621066025,,0.3150123221424911,,0.29153392917657567,2.9103830456733704e-11,
8638,196319.3961991821,196319.3961991821,,0.27937893514674234,,0.31021836728961033,,0.29479865121817633,0.0,
8639,196342.12361249528,196342.1236124953,,0.27984798268823874,,0.31996489222714136,,0.2999064374576901,-2.9103830456733704e-11,
8640,196364.8510258085,196364.85102580846,,0.28923716807467886,,0.33182136750549057,,0.3105292677900847,2.9103830456733704e-11,
8641,196387.57843912163,196387.57843912163,,0.29368675857531945,,0.32676233882822037,,0.3102245487017699,0.0,
8642,196410.3058524348,196410.30585243483,,0.29835871186857243,,0.3079549348617054,,0.30315682336513894,-2.9103830456733704e-11,
8643,196433.03326574797,196433.03326574797,,0.27114396230446186,,0.30747849358107887,,0.28931122794277037,0.0,
8644,196455.76067906115,196455.76067906115,,0.28841749367980607,,0.3264439492535361,,0.30743072146667105,0.0,
8645,196478.48809237432,196478.48809237435,,0.26981777402456963,,0.33935762375453177,,0.30458769888955073,-2.9103830456733704e-11,
8646,196501.2155056875,196501.2155056875,,0.26320578712965076,,0.3230905738055975,,0.29314818046762414,0.0,
8647,196523.94291900063,196523.94291900066,,0.26033831761199666,,0.332283750106964,,0.2963110338594803,-2.9103830456733704e-11,
8648,196546.67033231384,196546.67033231386,,0.2811838863768372,,0.30554590901513,,0.2933648976959836,-2.9103830456733704e-11,
8649,196569.397745627,196569.397745627,,0.25660190374463343,,0.3059659762674583,,0.28128394000604584,0.0,
8650,196592.12515894015,196592.12515894018,,0.2685821046414784,,0.311721192507856,,0.29015164857466724,-2.9103830456733704e-11,
8651,196614.85257225335,196614.85257225338,,0.28299225423154956,,0.2872626376870558,,0.28512744595930267,-2.9103830456733704e-11,
8652,196637.57998556652,196637.57998556652,,0.2610895917950744,,0.30475920138335727,,0.28292439658921587,0.0,
8653,196660.3073988797,196660.3073988797,,0.26023946400262826,,0.3146873349605807,,0.2874633994816045,0.0,
8654,196683.03481219287,196683.0348121929,,0.2702723882473766,,0.32609354017650727,,0.2981829642119419,-2.9103830456733704e-11,
8655,196705.76222550604,196705.76222550604,,0.2774701487309141,,0.31085814425101954,,0.2941641464909668,0.0,
8656,196728.4896388192,196728.4896388192,,0.2834751892077492,,0.3098133963729469,,0.2966442927903481,0.0,
8657,196751.2170521324,196751.21705213242,,0.27170489897932276,,0.30028068454482465,,0.2859927917620737,-2.9103830456733704e-11,
8658,196773.94446544556,196773.94446544556,,0.27985446927483265,,0.3294963957037625,,0.30467543248929757,0.0,
8659,196796.67187875873,196796.67187875873,,0.27384654330094715,,0.35922895912712866,,0.31653775121403793,0.0,
8660,196819.3992920719,196819.39929207193,,0.29314286345099255,,0.3059495827968979,,0.2995462231239452,-2.9103830456733704e-11,
8661,196842.12670538508,196842.12670538508,,0.2688584480731787,,0.3086837923226691,,0.28877112019792395,0.0,
8662,196864.85411869825,196864.85411869825,,0.2535071090909979,,0.3501416567518427,,0.30182438292142033,0.0,
8663,196887.58153201145,196887.58153201145,,0.27671353159226963,,0.3113082640494364,,0.294010897820853,0.0,
8664,196910.3089453246,196910.3089453246,,0.2863756231604007,,0.30979237962782913,,0.29808400139411495,0.0,
8665,196933.03635863776,196933.03635863776,,0.2658750698856981,,0.33042739317578895,,0.2981512315307435,0.0,
8666,196955.76377195097,196955.76377195094,,0.2686095914249559,,0.3342050595714614,,0.30140732549820864,2.9103830456733704e-11,
8667,196978.4911852641,196978.4911852641,,0.27211165079494665,,0.32944712960894734,,0.300779390201947,0.0,
8668,197001.21859857728,197001.21859857728,,0.2629694263395229,,0.32157539222295894,,0.29227240928124093,0.0,
8669,197023.94601189045,197023.94601189045,,0.22071933490165993,,0.2970802523686756,,0.25889979363516774,0.0,
8670,197046.67342520363,197046.67342520363,,0.07092292679615947,,0.23053410589588633,,0.1507285163460229,0.0,
8671,197069.4008385168,197069.4008385168,,0.0760942191842463,,0.1961068400692051,,0.1361005296267257,0.0,
8672,197092.12825182997,197092.12825182997,,0.07023538029236874,,0.21942438922661556,,0.14482988475949216,0.0,
8673,197114.8556651431,197114.85566514314,,0.07535900662492696,,0.22054193748154055,,0.14795047205323375,-2.9103830456733704e-11,
8674,197137.58307845631,197137.58307845631,,0.08653995562679519,,0.1904894165267298,,0.13851468607676248,0.0,
8675,197160.3104917695,197160.3104917695,,0.19744190469724376,,0.23039871412148077,,0.21392030940936227,0.0,
8676,197183.03790508263,197183.03790508266,,0.21764988081414643,,0.2573985692622636,,0.23752422503820503,-2.9103830456733704e-11,
8677,197205.76531839583,197205.76531839583,,0.2798060879252711,,0.320226542178443,,0.30001631505185705,0.0,
8678,197228.492731709,197228.492731709,,0.25110783916086826,,0.2948722008366879,,0.2729900199987781,0.0,
8679,197251.22014502215,197251.22014502218,,0.27063574822677594,,0.33585200603464405,,0.30324387713071,-2.9103830456733704e-11,
8680,197273.94755833535,197273.94755833535,,0.2736748913626279,,0.32332274987658843,,0.2984988206196082,0.0,
8681,197296.67497164852,197296.67497164852,,0.2622351382386672,,0.3138967365495774,,0.2880659373941223,0.0,
8682,197319.4023849617,197319.4023849617,,0.26421989275756125,,0.322277454229662,,0.2932486734936116,0.0,
8683,197342.12979827487,197342.12979827487,,0.2632065739060344,,0.31461243143488343,,0.2889095026704589,0.0,
8684,197364.85721158804,197364.85721158804,,0.2588115493845108,,0.34128712584612464,,0.3000493376153177,0.0,
8685,197387.5846249012,197387.5846249012,,0.2643412220480561,,0.3150429695084291,,0.2896920957782426,0.0,
8686,197410.3120382144,197410.31203821438,,0.2746106879644387,,0.3429761104592361,,0.3087933992118374,2.9103830456733704e-11,
8687,197433.03945152755,197433.03945152755,,0.27069823872748394,,0.34128340881244623,,0.3059908237699651,0.0,
8688,197455.76686484073,197455.76686484073,,0.27109136383268073,,0.3098537753616633,,0.29047256959717205,0.0,
8689,197478.4942781539,197478.4942781539,,0.2525239186836109,,0.3157621344463334,,0.28414302656497215,0.0,
8690,197501.22169146707,197501.22169146707,,0.24709725999972249,,0.32996958870040505,,0.2885334243500638,0.0,
8691,197523.94910478024,197523.94910478024,,0.2691740618844296,,0.3444100138521601,,0.30679203786829484,0.0,
8692,197546.67651809345,197546.67651809342,,0.2565701484018976,,0.3225124132330596,,0.28954128081747865,2.9103830456733704e-11,
8693,197569.4039314066,197569.4039314066,,0.2698894765257586,,0.3438042239783466,,0.3068468502520526,0.0,
8694,197592.13134471976,197592.13134471976,,0.2652526257778956,,0.3321619324788398,,0.2987072791283677,0.0,
8695,197614.85875803293,197614.85875803293,,0.2580940448642523,,0.32638107714781167,,0.292237561006032,0.0,
8696,197637.5861713461,197637.5861713461,,0.25494726034034926,,0.327313386170626,,0.2911303232554876,0.0,
8697,197660.31358465928,197660.31358465928,,0.2548890397198822,,0.3170540806263498,,0.285971560173116,0.0,
8698,197683.04099797245,197683.04099797245,,0.2554034712006165,,0.34811993416517495,,0.3017617026828957,0.0,
8699,197705.7684112856,197705.76841128562,,0.25884330542171236,,0.3332198332270241,,0.29603156932436825,-2.9103830456733704e-11,
8700,197728.4958245988,197728.49582459882,,0.26448718410422173,,0.3333287934684078,,0.29890798878631475,-2.9103830456733704e-11,
8701,197751.22323791197,197751.22323791197,,0.2687277280608194,,0.33094833388823097,,0.2998380309745252,0.0,
8702,197773.9506512251,197773.95065122514,,0.24196345881375844,,0.3289970004164328,,0.2854802296150956,-2.9103830456733704e-11,
8703,197796.6780645383,197796.67806453834,,0.252057975822843,,0.3424065714193817,,0.2972322736211124,-2.9103830456733704e-11,
8704,197819.40547785148,197819.40547785148,,0.2504100515381551,,0.315147879772417,,0.28277896565528604,0.0,
8705,197842.13289116463,197842.13289116466,,0.2506943157189177,,0.32432924068643987,,0.2875117782026788,-2.9103830456733704e-11,
8706,197864.86030447783,197864.86030447786,,0.2582295179586402,,0.3271126647967338,,0.292671091377687,-2.9103830456733704e-11,
8707,197887.587717791,197887.587717791,,0.2607569583388461,,0.33451959978563633,,0.2976382790622412,0.0,
8708,197910.31513110417,197910.31513110417,,0.26427145629887316,,0.3392588503065319,,0.30176515330270254,0.0,
8709,197933.04254441737,197933.04254441737,,0.2625575241388345,,0.31906616143134797,,0.2908118427850912,0.0,
8710,197955.76995773052,197955.76995773052,,0.2692967134321134,,0.31539111018852345,,0.29234391181031844,0.0,
8711,197978.4973710437,197978.4973710437,,0.2673683464412685,,0.2932789153851786,,0.28032363091322354,0.0,
8712,198001.2247843569,198001.2247843569,,0.2387206988610564,,0.3415749041580182,,0.29014780150953734,0.0,
8713,198023.95219767003,198023.95219767003,,0.24374209404739,,0.3466695610334161,,0.29520582754040303,0.0,
8714,198046.6796109832,198046.6796109832,,0.23671336863402762,,0.33953428108183104,,0.2881238248579293,0.0,
8715,198069.4070242964,198069.4070242964,,0.25218042138053764,,0.3297386947482912,,0.2909595580644144,0.0,
8716,198092.13443760955,198092.13443760955,,0.2558779041190995,,0.33258352578023553,,0.2942307149496675,0.0,
8717,198114.86185092272,198114.86185092272,,0.2615009779884465,,0.3190306722378322,,0.29026582511313936,0.0,
8718,198137.5892642359,198137.58926423592,,0.26226749841813146,,0.35171780566282096,,0.3069926520404762,-2.9103830456733704e-11,
8719,198160.31667754907,198160.31667754907,,0.2564135615681982,,0.3229652373459128,,0.2896893994570555,0.0,
8720,198183.04409086224,198183.04409086224,,0.2642359666477915,,0.3324457616875168,,0.29834086416765415,0.0,
8721,198205.7715041754,198205.77150417544,,0.26049099724277835,,0.33604461996283536,,0.2982678086028069,-2.9103830456733704e-11,
8722,198228.49891748856,198228.49891748858,,0.26286105873382937,,0.33088990892047077,,0.29687548382715007,-2.9103830456733704e-11,
8723,198251.22633080176,198251.22633080176,,0.2621694735738818,,0.3223491203056126,,0.29225929693974717,0.0,
8724,198273.95374411493,198273.95374411493,,0.25605478838242796,,0.33086269838958626,,0.2934587433860071,0.0,
8725,198296.6811574281,198296.6811574281,,0.25394750212725803,,0.3235697224040358,,0.2887586122656469,0.0,
8726,198319.40857074127,198319.40857074127,,0.26333823476069723,,0.3411011546483957,,0.30221969470454646,0.0,
8727,198342.13598405445,198342.13598405445,,0.2735915843273579,,0.3192003864102685,,0.2963959853688132,0.0,
8728,198364.8633973676,198364.86339736762,,0.2713927645951817,,0.3315264994965539,,0.3014596320458678,-2.9103830456733704e-11,
8729,198387.5908106808,198387.5908106808,,0.26256514822956895,,0.3148027744306854,,0.2886839613301272,0.0,
8730,198410.31822399396,198410.31822399396,,0.2592677595438596,,0.3106509837739376,,0.2849593716588986,0.0,
8731,198433.0456373071,198433.04563730714,,0.259884224800132,,0.3288080597124371,,0.2943461422562845,-2.9103830456733704e-11,
8732,198455.7730506203,198455.7730506203,,0.2640313027163278,,0.30940063391235756,,0.28671596831434265,0.0,
8733,198478.50046393348,198478.50046393348,,0.25561164814746257,,0.32518503433201323,,0.2903983412397379,0.0,
8734,198501.22787724665,198501.22787724665,,0.2585505192628112,,0.3184605961511411,,0.28850555770697617,0.0,
8735,198523.95529055985,198523.95529055982,,0.24923033283801807,,0.32025126526231223,,0.28474079905016514,2.9103830456733704e-11,
8736,198546.682703873,198546.682703873,,0.26240467334537054,,0.3308919712812057,,0.2966483223132881,0.0,
8737,198569.41011718617,198569.41011718617,,0.2533502973305443,,0.32209624298793293,,0.2877232701592386,0.0,
8738,198592.13753049937,198592.13753049934,,0.2500674165756336,,0.33870518352332335,,0.29438630004947847,2.9103830456733704e-11,
8739,198614.8649438125,198614.8649438125,,0.2517368756070269,,0.3158152303191242,,0.2837760529630755,0.0,
8740,198637.5923571257,198637.5923571257,,0.25531223199733805,,0.3328004376258639,,0.294056334811601,0.0,
8741,198660.3197704389,198660.31977043886,,0.27780938291211726,,0.3241127541457116,,0.30096106852891447,2.9103830456733704e-11,
8742,198683.04718375203,198683.04718375203,,0.2540418178149876,,0.31189754817636284,,0.2829696829956752,0.0,
8743,198705.7745970652,198705.7745970652,,0.2481795883775786,,0.30610820995963045,,0.27714389916860455,0.0,
8744,198728.5020103784,198728.50201037838,,0.23971498867289515,,0.30298959208270915,,0.2713522903778022,2.9103830456733704e-11,
8745,198751.22942369155,198751.22942369155,,0.2512074986792355,,0.30024976061089487,,0.27572862964506517,0.0,
8746,198773.95683700472,198773.95683700472,,0.24561096907403743,,0.3208359519141655,,0.28322346049410146,0.0,
8747,198796.6842503179,198796.6842503179,,0.25908151239560756,,0.3118535765289627,,0.2854675444622851,0.0,
8748,198819.41166363104,198819.41166363106,,0.26532688601461507,,0.33070764079227394,,0.2980172634034445,-2.9103830456733704e-11,
8749,198842.13907694424,198842.13907694424,,0.2666649333362458,,0.30731495358304045,,0.2869899434596431,0.0,
8750,198864.8664902574,198864.8664902574,,0.2658702521450425,,0.3186102782598642,,0.2922402652024534,0.0,
8751,198887.59390357055,198887.59390357058,,0.27203640020929765,,0.31393685612962774,,0.2929866281694627,-2.9103830456733704e-11,
8752,198910.32131688375,198910.32131688375,,0.27408084186395104,,0.31611511680470616,,0.2950979793343286,0.0,
8753,198933.04873019693,198933.04873019693,,0.27548888820465683,,0.3182379043211582,,0.29686339626290753,0.0,
8754,198955.7761435101,198955.7761435101,,0.26311375958799216,,0.3153691829897219,,0.289241471288857,0.0,
8755,198978.50355682327,198978.50355682327,,0.2656597783473583,,0.3267973501649609,,0.2962285642561596,0.0,
8756,199001.23097013644,199001.23097013644,,0.253297514267482,,0.31918901891743834,,0.28624326659246013,0.0,
8757,199023.9583834496,199023.95838344962,,0.2563144690263569,,0.32373117205381674,,0.2900228205400868,-2.9103830456733704e-11,
8758,199046.6857967628,199046.6857967628,,0.2579187279732717,,0.31437812365155204,,0.28614842581241184,0.0,
8759,199069.41321007596,199069.41321007596,,0.25988983748601957,,0.3202639091343775,,0.29007687331019855,0.0,
8760,199092.14062338913,199092.14062338913,,0.254925677790405,,0.3106159277985451,,0.28277080279447503,0.0,
8761,199114.8680367023,199114.86803670233,,0.25640343274782385,,0.32181068290245224,,0.289107057825138,-2.9103830456733704e-11,
8762,199137.59545001548,199137.59545001548,,0.26150169932297546,,0.30991202284589264,,0.28570686108443405,0.0,
8763,199160.32286332865,199160.32286332865,,0.267567421791094,,0.31370284430828116,,0.2906351330496876,0.0,
8764,199183.05027664185,199183.05027664185,,0.27076986423007315,,0.32308938392072395,,0.2969296240753986,0.0,
8765,199205.777689955,199205.777689955,,0.27340839313898296,,0.312785962129262,,0.29309717763412246,0.0,
8766,199228.50510326817,199228.50510326817,,0.26779406759501495,,0.3173469451854715,,0.29257050639024323,0.0,
8767,199251.23251658137,199251.23251658137,,0.2837345337460432,,0.3065267106037121,,0.2951306221748776,0.0,
8768,199273.9599298945,199273.9599298945,,0.2692050865106609,,0.30509633437251626,,0.2871507104415886,0.0,
8769,199296.68734320768,199296.68734320768,,0.2737766254657379,,0.32087162500637656,,0.2973241252360572,0.0,
8770,199319.41475652088,199319.41475652088,,0.2587581276886713,,0.33046733283494545,,0.29461273026180834,0.0,
8771,199342.14216983403,199342.14216983403,,0.2711386417518135,,0.3134488338401571,,0.29229373779598533,0.0,
8772,199364.8695831472,199364.8695831472,,0.259727053087515,,0.31154602005259446,,0.2856365365700547,0.0,
8773,199387.59699646037,199387.5969964604,,0.2600243366844192,,0.32095943536281746,,0.2904918860236183,-2.9103830456733704e-11,
8774,199410.32440977352,199410.32440977354,,0.2738752537773132,,0.32541150982481987,,0.29964338180106653,-2.9103830456733704e-11,
8775,199433.05182308672,199433.05182308672,,0.265541836716907,,0.3265279654059871,,0.29603490106144703,0.0,
8776,199455.7792363999,199455.77923639992,,0.2597838281359645,,0.32476285265224775,,0.29227334039410613,-2.9103830456733704e-11,
8777,199478.50664971303,199478.50664971306,,0.2624650323078411,,0.30977151990702106,,0.28611827610743107,-2.9103830456733704e-11,
8778,199501.23406302623,199501.23406302623,,0.2627562004572247,,0.3160417013921891,,0.2893989509247069,0.0,
8779,199523.9614763394,199523.9614763394,,0.25419211222246074,,0.3267253766686017,,0.2904587444455312,0.0,
8780,199546.68888965255,199546.68888965258,,0.2582119948041624,,0.327917020909575,,0.29306450785686866,-2.9103830456733704e-11,
8781,199569.41630296575,199569.41630296575,,0.2635969690862503,,0.3151092401283633,,0.2893531046073068,0.0,
8782,199592.14371627892,199592.14371627892,,0.2790748824933615,,0.304844216218917,,0.2919595493561392,0.0,
8783,199614.8711295921,199614.8711295921,,0.2685991009552389,,0.30847563010692397,,0.28853736553108145,0.0,
8784,199637.59854290527,199637.59854290527,,0.2570405829010476,,0.32909444906189494,,0.2930675159814713,0.0,
8785,199660.32595621844,199660.32595621844,,0.26268179190661894,,0.32670726760874663,,0.2946945297576828,0.0,
8786,199683.0533695316,199683.0533695316,,0.26642243361405876,,0.3211708890003701,,0.29379666130721444,0.0,
8787,199705.7807828448,199705.78078284478,,0.2599716560518367,,0.31355667238068674,,0.2867641642162617,2.9103830456733704e-11,
8788,199728.50819615796,199728.50819615796,,0.26035929660186624,,0.3209614715370818,,0.29066038406947403,0.0,
8789,199751.23560947113,199751.23560947113,,0.26311437964297557,,0.33454312816438925,,0.2988287539036824,0.0,
8790,199773.9630227843,199773.9630227843,,0.2644145780948238,,0.32559854843285635,,0.2950065632638401,0.0,
8791,199796.69043609747,199796.69043609747,,0.27456207994206294,,0.32335367923422903,,0.298957879588146,0.0,
8792,199819.41784941065,199819.41784941065,,0.2709277423523528,,0.3098628554230866,,0.2903952988877197,0.0,
8793,199842.14526272385,199842.14526272382,,0.2512069649211069,,0.30958579935993774,,0.2803963821405223,2.9103830456733704e-11,
8794,199864.872676037,199864.872676037,,0.2665732761095554,,0.34765912539578864,,0.307116200752672,0.0,
8795,199887.60008935016,199887.60008935016,,0.2703436167290167,,0.3230940762844514,,0.2967188465067341,0.0,
8796,199910.3275026633,199910.32750266333,,0.26396142197509165,,0.33474957997753163,,0.29935550097631164,-2.9103830456733704e-11,
8797,199933.0549159765,199933.0549159765,,0.2529760461267787,,0.31509357859655807,,0.2840348123616684,0.0,
8798,199955.78232928968,199955.78232928968,,0.25657550025508163,,0.3208108888593643,,0.288693194557223,0.0,
8799,199978.50974260285,199978.50974260285,,0.2538093688523461,,0.29719617268005805,,0.2755027707662021,0.0,
8800,200001.237155916,200001.23715591602,,0.27865610599068835,,0.3141609568918073,,0.2964085314412478,-2.9103830456733704e-11,
8801,200023.9645692292,200023.9645692292,,0.2583969310930032,,0.33540454326932556,,0.2969007371811644,0.0,
8802,200046.69198254237,200046.69198254237,,0.26106593607062806,,0.3320282287928772,,0.29654708243175265,0.0,
8803,200069.4193958555,200069.41939585554,,0.2593986985848643,,0.31050564913,,0.28495217385743216,-2.9103830456733704e-11,
8804,200092.1468091687,200092.1468091687,,0.2747094575909618,,0.31982110153322224,,0.29726527956209203,0.0,
8805,200114.87422248189,200114.87422248189,,0.2689447802655726,,0.32779757506721263,,0.29837117766639265,0.0,
8806,200137.60163579503,200137.60163579506,,0.25109778689724577,,0.3315473327987502,,0.291322559847998,-2.9103830456733704e-11,
8807,200160.32904910823,200160.32904910823,,0.24730776800818113,,0.33994424258998934,,0.2936260052990852,0.0,
8808,200183.0564624214,200183.0564624214,,0.29216976310970555,,0.323574072315353,,0.3078719177125293,0.0,
8809,200205.78387573457,200205.78387573457,,0.26309507881863237,,0.32643015402297004,,0.2947626164208012,0.0,
8810,200228.51128904775,200228.51128904775,,0.27133105021862525,,0.320018820632584,,0.29567493542560463,0.0,
8811,200251.23870236092,200251.23870236092,,0.27420798170313404,,0.31432102511548027,,0.29426450340930715,0.0,
8812,200273.9661156741,200273.9661156741,,0.2596482532380048,,0.33120431896885044,,0.2954262861034276,0.0,
8813,200296.6935289873,200296.69352898726,,0.2904893906600143,,0.3034894977023057,,0.29698944418116,2.9103830456733704e-11,
8814,200319.42094230044,200319.42094230044,,0.26346548282665666,,0.3328171386396499,,0.2981413107331533,0.0,
8815,200342.1483556136,200342.1483556136,,0.2743287889194253,,0.3349083425524828,,0.304618565735954,0.0,
8816,200364.8757689268,200364.87576892678,,0.25984871658900505,,0.3275537769879905,,0.29370124678849774,2.9103830456733704e-11,
8817,200387.60318223995,200387.60318223995,,0.27381502383656975,,0.3343485239894269,,0.3040817739129983,0.0,
8818,200410.33059555313,200410.33059555313,,0.28479821671524524,,0.30280549044887634,,0.2938018535820608,0.0,
8819,200433.0580088663,200433.0580088663,,0.28492991878845747,,0.3237984906847401,,0.30436420473659875,0.0,
8820,200455.78542217947,200455.78542217947,,0.27883907480390147,,0.312230535441314,,0.29553480512260777,0.0,
8821,200478.51283549264,200478.51283549264,,0.2831772839949691,,0.3605292467000908,,0.32185326534752995,0.0,
8822,200501.2402488058,200501.2402488058,,0.2591953814142594,,0.3220982595524146,,0.290646820483337,0.0,
8823,200523.967662119,200523.967662119,,0.2720106839349865,,0.344290944433325,,0.30815081418415574,0.0,
8824,200546.69507543216,200546.69507543216,,0.27058440700085357,,0.3129407809880921,,0.2917625939944728,0.0,
8825,200569.42248874533,200569.42248874536,,0.2890434293823461,,0.30746466272685624,,0.29825404605460115,-2.9103830456733704e-11,
8826,200592.1499020585,200592.1499020585,,0.27883778729554015,,0.3208614599782413,,0.2998496236368907,0.0,
8827,200614.87731537168,200614.87731537168,,0.2757241617934217,,0.3312411398922921,,0.30348265084285686,0.0,
8828,200637.60472868485,200637.60472868488,,0.29658494161996674,,0.31975568248293285,,0.3081703120514498,-2.9103830456733704e-11,
8829,200660.332141998,200660.33214199802,,0.2560458399401273,,0.33251735780992175,,0.29428159887502453,-2.9103830456733704e-11,
8830,200683.0595553112,200683.0595553112,,0.25790887946314367,,0.32586505289075457,,0.2918869661769491,0.0,
8831,200705.78696862436,200705.7869686244,,0.27267904424846695,,0.322901036054516,,0.29779004015149146,-2.9103830456733704e-11,
8832,200728.5143819375,200728.51438193754,,0.259894481156081,,0.34470357599448215,,0.30229902857528157,-2.9103830456733704e-11,
8833,200751.2417952507,200751.2417952507,,0.2597633935572607,,0.31011591860799703,,0.28493965608262883,0.0,
8834,200773.96920856388,200773.9692085639,,0.2858927049430105,,0.32979888370877397,,0.3078457943258922,-2.9103830456733704e-11,
8835,200796.69662187705,200796.69662187705,,0.2680263640866597,,0.356084434636904,,0.31205539936178184,0.0,
8836,200819.42403519023,200819.42403519023,,0.2542838448705796,,0.32964447757650084,,0.2919641612235402,0.0,
8837,200842.1514485034,200842.1514485034,,0.272421745843456,,0.344253339110795,,0.3083375424771255,0.0,
8838,200864.87886181657,200864.87886181657,,0.24692359657872112,,0.3206976120466382,,0.2838106043126797,0.0,
8839,200887.60627512977,200887.60627512974,,0.2636498007061466,,0.3184507123932712,,0.2910502565497089,2.9103830456733704e-11,
8840,200910.33368844292,200910.33368844292,,0.2785874269292983,,0.33127694300325944,,0.30493218496627883,0.0,
8841,200933.0611017561,200933.0611017561,,0.2599109899888372,,0.33074153557586294,,0.2953262627823501,0.0,
8842,200955.7885150693,200955.78851506926,,0.22188262485180296,,0.2777781897437671,,0.24983040729778505,2.9103830456733704e-11,
8843,200978.51592838243,200978.51592838243,,0.20145346070347456,,0.281963334081975,,0.24170839739272476,0.0,
8844,201001.2433416956,201001.2433416956,,0.07957089688067646,,0.2175359626630422,,0.14855342977185934,0.0,
8845,201023.9707550088,201023.97075500878,,0.07459039275794604,,0.19903958833491336,,0.1368149905464297,2.9103830456733704e-11,
8846,201046.69816832195,201046.69816832195,,0.07763199256761892,,0.22367182781089837,,0.15065191018925864,0.0,
8847,201069.42558163512,201069.42558163512,,0.08055941551556323,,0.19857733370028569,,0.13956837460792446,0.0,
8848,201092.1529949483,201092.1529949483,,0.10354075927551826,,0.2423361852900303,,0.17293847228277426,0.0,
8849,201114.88040826147,201114.88040826147,,0.20218145342993207,,0.2515822319118684,,0.22688184267090022,0.0,
8850,201137.60782157464,201137.60782157464,,0.2200708280701657,,0.27769644944888927,,0.2488836387595275,0.0,
8851,201160.3352348878,201160.3352348878,,0.22864161104131336,,0.2773993085441409,,0.25302045979272714,0.0,
8852,201183.06264820095,201183.06264820098,,0.21931561143579584,,0.3235301663466125,,0.2714228888912042,-2.9103830456733704e-11,
8853,201205.79006151416,201205.79006151416,,0.2466455724940595,,0.3255098046235229,,0.28607768855879123,0.0,
8854,201228.51747482733,201228.51747482733,,0.2399415299202168,,0.32198259388375916,,0.28096206190198797,0.0,
8855,201251.2448881405,201251.2448881405,,0.2629228033466263,,0.3123263236156324,,0.28762456348112936,0.0,
8856,201273.97230145367,201273.97230145367,,0.28476989485740273,,0.322837690812065,,0.30380379283473385,0.0,
8857,201296.69971476684,201296.69971476684,,0.2944426309993874,,0.3252772908349202,,0.3098599609171538,0.0,
8858,201319.42712808,201319.42712808002,,0.2718604109391173,,0.3400700675205552,,0.3059652392298362,-2.9103830456733704e-11,
8859,201342.1545413932,201342.1545413932,,0.26122155365565813,,0.31582866872900045,,0.28852511119232926,0.0,
8860,201364.88195470636,201364.88195470636,,0.28969061650757155,,0.31610306747610567,,0.30289684199183864,0.0,
8861,201387.60936801953,201387.60936801953,,0.27514389241669496,,0.3046498764225095,,0.28989688441960226,0.0,
8862,201410.3367813327,201410.3367813327,,0.26422898759864905,,0.32711926979177997,,0.2956741286952145,0.0,
8863,201433.06419464588,201433.06419464588,,0.25150995656706215,,0.32569439921436033,,0.28860217789071124,0.0,
8864,201455.79160795905,201455.79160795905,,0.26672404953786566,,0.33765403289805873,,0.3021890412179622,0.0,
8865,201478.51902127225,201478.51902127222,,0.2678632350915657,,0.34592024457405274,,0.3068917398328092,2.9103830456733704e-11,
8866,201501.2464345854,201501.2464345854,,0.2532342181132879,,0.33713895092311225,,0.29518658451820007,0.0,
8867,201523.97384789857,201523.97384789857,,0.25842947391954674,,0.31704103667375505,,0.2877352552966509,0.0,
8868,201546.70126121177,201546.70126121174,,0.2690506062970821,,0.3426176947118426,,0.3058341505044624,2.9103830456733704e-11,
8869,201569.4286745249,201569.4286745249,,0.28342641475667996,,0.2986626167010848,,0.29104451572888235,0.0,
8870,201592.15608783808,201592.15608783808,,0.26278327820853886,,0.32517699167723296,,0.2939801349428859,0.0,
8871,201614.8835011513,201614.88350115126,,0.27486748681486517,,0.3004111013924819,,0.2876392941036735,2.9103830456733704e-11,
8872,201637.61091446443,201637.61091446443,,0.2684226507366304,,0.359552974349921,,0.3139878125432757,0.0,
8873,201660.3383277776,201660.3383277776,,0.25665029035268866,,0.33969873256026495,,0.2981745114564768,0.0,
8874,201683.06574109077,201683.06574109077,,0.26009256057580427,,0.332805141124141,,0.29644885084997263,0.0,
8875,201705.79315440395,201705.79315440395,,0.27019376256224115,,0.34418308311229023,,0.30718842283726566,0.0,
8876,201728.52056771712,201728.52056771712,,0.27185235494781784,,0.3177797406023439,,0.29481604777508086,0.0,
8877,201751.2479810303,201751.2479810303,,0.24638802401472948,,0.2998641038655087,,0.27312606394011907,0.0,
8878,201773.97539434343,201773.97539434346,,0.26188559054756794,,0.3482844180378492,,0.3050850042927086,-2.9103830456733704e-11,
8879,201796.70280765663,201796.70280765663,,0.2717334563164846,,0.33995117759415683,,0.3058423169553207,0.0,
8880,201819.4302209698,201819.4302209698,,0.2717462410070527,,0.33834478957497216,,0.3050455152910124,0.0,
8881,201842.15763428295,201842.15763428298,,0.25706400641543203,,0.3042566721024298,,0.2806603392589309,-2.9103830456733704e-11,
8882,201864.88504759615,201864.88504759615,,0.24378747483321464,,0.3383618425135315,,0.29107465867337307,0.0,
8883,201887.61246090932,201887.61246090932,,0.26097151219230275,,0.32409758863698873,,0.2925345504146457,0.0,
8884,201910.3398742225,201910.3398742225,,0.24905053237733935,,0.34372303608043836,,0.29638678422888887,0.0,
8885,201933.06728753567,201933.06728753567,,0.2490749717020643,,0.32072597599416974,,0.284900473848117,0.0,
8886,201955.79470084884,201955.79470084887,,0.2597190089737559,,0.3333957904803659,,0.29655739972706086,-2.9103830456733704e-11,
8887,201978.522114162,201978.522114162,,0.2585520143683568,,0.3078529313684036,,0.2832024728683802,0.0,
8888,202001.2495274752,202001.2495274752,,0.2506220561549556,,0.32180312519469745,,0.2862125906748265,0.0,
8889,202023.97694078836,202023.9769407884,,0.2531710748393549,,0.315569694280348,,0.2843703845598514,-2.9103830456733704e-11,
8890,202046.70435410153,202046.70435410153,,0.2653620098177428,,0.34086828057272245,,0.30311514519523264,0.0,
8891,202069.4317674147,202069.4317674147,,0.2517470103568913,,0.3306306673505985,,0.2911888388537449,0.0,
8892,202092.15918072787,202092.15918072787,,0.2568057295441823,,0.3404151991586369,,0.2986104643514096,0.0,
8893,202114.88659404105,202114.88659404105,,0.24825978911495833,,0.3018943269176517,,0.275077058016305,0.0,
8894,202137.61400735425,202137.61400735422,,0.27089411219063525,,0.3328817061347579,,0.3018879091626966,2.9103830456733704e-11,
8895,202160.3414206674,202160.3414206674,,0.27502850538458484,,0.3349599511070536,,0.30499422824581923,0.0,
8896,202183.06883398056,202183.06883398056,,0.288885150567213,,0.3337146426756071,,0.31129989662141,0.0,
8897,202205.79624729377,202205.79624729374,,0.2523745962182657,,0.3270939759844152,,0.28973428610134044,2.9103830456733704e-11,
8898,202228.5236606069,202228.5236606069,,0.2514493329837963,,0.3416933445227639,,0.2965713387532801,0.0,
8899,202251.25107392008,202251.25107392008,,0.23876979989060407,,0.34329646472767505,,0.2910331323091396,0.0,
8900,202273.97848723325,202273.97848723325,,0.2690439141326701,,0.34114217663944485,,0.30509304538605747,0.0,
8901,202296.70590054645,202296.70590054643,,0.27016754976455226,,0.30248049282407585,,0.28632402129431406,2.9103830456733704e-11,
8902,202319.4333138596,202319.4333138596,,0.26269627498828113,,0.33345488923668654,,0.29807558211248386,0.0,
8903,202342.16072717277,202342.16072717277,,0.2475984942037073,,0.31796905714761325,,0.28278377567566026,0.0,
8904,202364.8881404859,202364.88814048594,,0.267228971074509,,0.3383731070246728,,0.3028010390495909,-2.9103830456733704e-11,
8905,202387.6155537991,202387.6155537991,,0.2585525501636598,,0.3254452892230451,,0.29199891969335245,0.0,
8906,202410.3429671123,202410.3429671123,,0.26409599145514295,,0.32565404686104416,,0.29487501915809355,0.0,
8907,202433.07038042543,202433.07038042546,,0.2563999194992343,,0.33372854686359854,,0.2950642331814164,-2.9103830456733704e-11,
8908,202455.79779373863,202455.79779373863,,0.2718903200618408,,0.3158662930771188,,0.2938783065694798,0.0,
8909,202478.5252070518,202478.5252070518,,0.27672601763859017,,0.31852649995475246,,0.2976262587966713,0.0,
8910,202501.25262036495,202501.25262036498,,0.27386886947829625,,0.3337040068903679,,0.30378643818433204,-2.9103830456733704e-11,
8911,202523.98003367815,202523.98003367815,,0.2606392189678096,,0.3306855832398806,,0.2956624011038451,0.0,
8912,202546.70744699132,202546.70744699132,,0.2554612307937817,,0.3382490808472351,,0.29685515582050837,0.0,
8913,202569.4348603045,202569.4348603045,,0.26661805722486503,,0.3298484991027123,,0.29823327816378864,0.0,
8914,202592.1622736177,202592.16227361767,,0.2622547583331826,,0.32042905122128346,,0.29134190477723304,2.9103830456733704e-11,
8915,202614.88968693084,202614.88968693084,,0.26006685261572526,,0.3327465136522547,,0.29640668313399,0.0,
