source,event,start_s,duration_ms,min_raw,min_smooth,median_threshold,raw_below_threshold,smooth_below_threshold,invalid_frames
25 Hz Raw,1,1.375,120.0,,0.3388496957129059,0.2316173712912179,False,False,0
25 Hz Raw,2,3.02,17.0,,0.35536801889092007,0.23373863065317152,False,False,0
25 Hz Raw,3,4.408,125.0,,0.34861312143784373,0.2344066945362818,False,False,0
25 Hz Raw,4,5.187,378.0,,0.34569015209750953,0.23406973838257478,False,False,0
25 Hz Raw,5,6.879,49.0,,0.361125053755736,0.23444068141923208,False,False,0
25 Hz Raw,6,6.984,4.0,,0.3622805143995823,0.23440464380364434,False,False,0
25 Hz Raw,7,7.135,0.0,,0.35917093229180186,0.23421799217342992,False,False,0
25 Hz Raw,8,8.348,138.0,,0.35653871161066975,0.2357932036741734,False,False,0
25 Hz Raw,9,8.9,301.0,,0.35442343674266275,0.23687128183422634,False,False,0
60 Hz Raw,1,1.375,120.0,,0.2836586624112676,0.18906942813699623,False,False,0
60 Hz Raw,2,3.02,17.0,,0.14101629012404931,0.19215532387859524,False,True,7
60 Hz Raw,3,4.408,125.0,,0.28791254983350156,0.19320186171523868,False,False,0
60 Hz Raw,4,5.187,378.0,,0.28211846255731965,0.19081791386197505,False,False,0
60 Hz Raw,5,6.879,49.0,,0.28944617109151344,0.1913832089297008,False,False,0
60 Hz Raw,6,6.984,4.0,,0.28944617109151344,0.19121323636020882,False,False,0
60 Hz Raw,7,7.135,0.0,,0.28499096545552854,0.19107680942450256,False,False,0
60 Hz Raw,8,8.348,138.0,,0.2660454614550146,0.18811735698856963,False,False,0
60 Hz Raw,9,8.9,301.0,,0.26868345808018695,0.185390615795646,False,False,0
60 Hz Lanczos 2x,1,1.375,120.0,,0.2833883771474185,0.18977954690897472,False,False,0
60 Hz Lanczos 2x,2,3.02,17.0,,0.1411758113411738,0.19147787799781896,False,True,7
60 Hz Lanczos 2x,3,4.408,125.0,,0.28409285181457605,0.19298623904735296,False,False,0
60 Hz Lanczos 2x,4,5.187,378.0,,0.28217594068611834,0.18918988488578165,False,False,0
60 Hz Lanczos 2x,5,6.879,49.0,,0.28931924408255194,0.18993225342843928,False,False,0
60 Hz Lanczos 2x,6,6.984,4.0,,0.28931924408255194,0.19020565188839397,False,False,0
60 Hz Lanczos 2x,7,7.135,0.0,,0.2889177420822743,0.19076975491030015,False,False,0
60 Hz Lanczos 2x,8,8.348,138.0,,0.25649006887978104,0.18683792073839645,False,False,0
60 Hz Lanczos 2x,9,8.9,301.0,,0.2715597724989926,0.18503844917438667,False,False,0
